calldate;hora;protocolo;phone;agenteid;nomeagente;campanha;id_qualificacao;qualificacao;duracao;billsec;duracaototal;
31/01/2023;06:41:03;1675158033.11;1801;Agent/601;Camila;MANUAL;7;Logar Operador;21;0;21;
31/01/2023;06:41:48;1675158080.13;1803;Agent/605;Ivanilda;MANUAL;7;Logar Operador;19;0;19;
31/01/2023;06:42:26;1675158125.15;0014;Agent/608;Thalita;MANUAL;7;Logar Operador;12;0;12;
31/01/2023;06:42:33;1675158129.16;1809;Agent/604;Emanuelle;MANUAL;7;Logar Operador;14;0;14;
31/01/2023;06:43:16;1675158163.19;0003;Agent/609;Andreia Goncalves;MANUAL;7;Logar Operador;23;0;23;
31/01/2023;06:43:47;1675158205.21;1815;Agent/612;Livia;MANUAL;7;Logar Operador;14;0;14;
31/01/2023;06:44:08;1675158220.23;2302;Agent/601;Camila;MANUAL;7;Logar Operador;19;0;19;
31/01/2023;06:44:15;1675158235.25;0004;Agent/608;Thalita;MANUAL;7;Logar Operador;9;0;9;
31/01/2023;06:44:49;1675158246.28;2317;Agent/605;Ivanilda;MANUAL;7;Logar Operador;34;0;34;
31/01/2023;06:44:39;1675158256.30;0019;Agent/604;Emanuelle;MANUAL;7;Logar Operador;14;0;14;
31/01/2023;06:45:08;1675158282.32;1817;Agent/609;Andreia Goncalves;MANUAL;7;Logar Operador;16;0;16;
31/01/2023;06:46:23;1675158360.34;0011;Agent/612;Livia;MANUAL;7;Logar Operador;14;0;14;
31/01/2023;06:46:38;1675158364.35;0017;Agent/601;Camila;MANUAL;7;Logar Operador;25;0;25;
31/01/2023;06:49:39;1675158560.38;4105;Agent/608;Thalita;MANUAL;7;Logar Operador;10;0;10;
31/01/2023;06:50:35;1675158584.40;2205;Agent/604;Emanuelle;MANUAL;7;Logar Operador;42;0;42;
31/01/2023;06:51:01;1675158631.42;4108;Agent/605;Ivanilda;MANUAL;7;Logar Operador;20;0;20;
31/01/2023;06:51:48;1675158670.44;2208;Agent/609;Andreia Goncalves;MANUAL;7;Logar Operador;26;0;26;
31/01/2023;06:51:37;1675158678.46;4108;Agent/612;Livia;MANUAL;4;Abertura de Gaveta;10;0;10;
31/01/2023;06:52:05;1675158699.48;2202;Agent/601;Camila;MANUAL;7;Logar Operador;16;0;16;
31/01/2023;06:52:21;1675158721.50;4404;Agent/608;Thalita;MANUAL;7;Logar Operador;11;0;11;
31/01/2023;06:53:30;1675158784.52;4002;Agent/604;Emanuelle;MANUAL;7;Logar Operador;17;0;17;
31/01/2023;06:53:50;1675158801.54;2307;Agent/605;Ivanilda;MANUAL;7;Logar Operador;20;0;20;
31/01/2023;06:53:57;1675158810.56;4018;Agent/612;Livia;MANUAL;7;Logar Operador;18;0;18;
31/01/2023;06:54:01;1675158815.57;4410;Agent/609;Andreia Goncalves;MANUAL;7;Logar Operador;16;0;16;
31/01/2023;06:54:17;1675158827.60;4118;Agent/601;Camila;MANUAL;7;Logar Operador;20;0;20;
31/01/2023;06:54:09;1675158828.61;4012;Agent/608;Thalita;MANUAL;7;Logar Operador;12;0;12;
31/01/2023;06:55:06;1675158871.64;3811;Agent/604;Emanuelle;MANUAL;7;Logar Operador;25;0;25;
31/01/2023;06:55:18;1675158896.66;4416;Agent/605;Ivanilda;MANUAL;7;Logar Operador;13;0;13;
31/01/2023;06:55:27;1675158898.67;4015;Agent/612;Livia;MANUAL;7;Logar Operador;20;0;20;
31/01/2023;06:58:22;1675158938.70;2115;Agent/609;Andreia Goncalves;MANUAL;18;Atendimento Multiplo;153;0;153;
31/01/2023;06:57:50;1675158957.72;2215;Agent/608;Thalita;MANUAL;7;Logar Operador;105;0;105;
31/01/2023;06:57:29;1675158972.74;1410;Agent/601;Camila;MANUAL;7;Logar Operador;66;0;66;
31/01/2023;06:56:35;1675158981.76;1810;Agent/604;Emanuelle;MANUAL;19;Ligacao sem informacao;5;0;5;
31/01/2023;06:57:03;1675158989.78;1010;Agent/605;Ivanilda;MANUAL;7;Logar Operador;24;0;24;
31/01/2023;06:57:14;1675158997.80;2010;Agent/612;Livia;MANUAL;7;Logar Operador;28;0;28;
31/01/2023;06:57:01;1675159001.81;2016;Agent/604;Emanuelle;MANUAL;7;Logar Operador;11;0;11;
31/01/2023;06:57:54;1675159010.86;0207;Agent/604;Emanuelle;MANUAL;19;Ligacao sem informacao;43;0;43;
31/01/2023;06:57:42;1675159012.87;2019;Agent/605;Ivanilda;MANUAL;7;Logar Operador;14;0;14;
31/01/2023;06:57:49;1675159013.88;1002;Agent/612;Livia;MANUAL;7;Logar Operador;20;0;20;
31/01/2023;06:58:09;1675159015.89;3805;Agent/601;Camila;MANUAL;7;Logar Operador;26;0;26;
31/01/2023;06:58:10;1675159025.90;0204;Agent/612;Livia;MANUAL;7;Logar Operador;14;0;14;
31/01/2023;06:58:18;1675159046.93;2117;Agent/605;Ivanilda;MANUAL;7;Logar Operador;18;0;18;
31/01/2023;06:58:22;1675159049.95;2809;Agent/604;Emanuelle;MANUAL;7;Logar Operador;18;0;18;
31/01/2023;06:58:49;1675159060.96;3703;Agent/601;Camila;MANUAL;7;Logar Operador;31;0;31;
31/01/2023;06:58:43;1675159061.98;1414;Agent/612;Livia;MANUAL;7;Logar Operador;25;0;25;
31/01/2023;06:58:46;1675159062.99;1902;Agent/608;Thalita;MANUAL;7;Logar Operador;15;0;15;
31/01/2023;06:59:15;1675159066.100;3410;Agent/605;Ivanilda;MANUAL;7;Logar Operador;42;0;42;
31/01/2023;06:58:49;1675159068.101;1014;Agent/604;Emanuelle;MANUAL;7;Logar Operador;14;0;14;
31/01/2023;06:58:59;1675159074.102;0214;Agent/609;Andreia Goncalves;MANUAL;7;Logar Operador;17;0;17;
31/01/2023;06:59:19;1675159098.110;3401;Agent/612;Livia;MANUAL;7;Logar Operador;27;0;27;
31/01/2023;06:59:05;1675159111.112;2109;Agent/608;Thalita;MANUAL;7;Logar Operador;11;0;11;
31/01/2023;06:59:14;1675159116.115;1403;Agent/601;Camila;MANUAL;7;Logar Operador;17;0;17;
31/01/2023;06:59:20;1675159128.117;2705;Agent/604;Emanuelle;MANUAL;7;Logar Operador;15;0;15;
31/01/2023;06:59:56;1675159145.122;2711;Agent/609;Andreia Goncalves;MANUAL;7;Logar Operador;42;0;42;
31/01/2023;06:59:16;1675159147.123;3707;Agent/608;Thalita;MANUAL;7;Logar Operador;0;2;2;
31/01/2023;06:59:39;1675159149.124;0211;Agent/601;Camila;MANUAL;7;Logar Operador;14;0;14;
31/01/2023;06:59:52;1675159156.127;2708;Agent/605;Ivanilda;MANUAL;7;Logar Operador;19;0;19;
31/01/2023;06:59:48;1675159160.128;3709;Agent/612;Livia;MANUAL;7;Logar Operador;12;0;12;
31/01/2023;06:59:54;1675159161.129;1911;Agent/604;Emanuelle;MANUAL;7;Logar Operador;17;0;17;
31/01/2023;07:00:08;1675159188.134;2004;Agent/608;Thalita;MANUAL;7;Logar Operador;11;0;11;
31/01/2023;07:00:18;1675159189.135;4215;Agent/601;Camila;MANUAL;7;Logar Operador;19;0;19;
31/01/2023;07:00:13;1675159191.136;2105;Agent/612;Livia;MANUAL;7;Logar Operador;13;0;13;
31/01/2023;07:00:11;1675159196.139;2708;Agent/605;Ivanilda;MANUAL;4;Abertura de Gaveta;7;0;7;
31/01/2023;07:00:59;1675159220.143;3407;Agent/609;Andreia Goncalves;MANUAL;18;Atendimento Multiplo;29;0;29;
31/01/2023;07:00:41;1675159221.144;0207;Agent/608;Thalita;MANUAL;7;Logar Operador;11;0;11;
31/01/2023;07:01:22;1675159258.147;3512;Agent/604;Emanuelle;MANUAL;4;Abertura de Gaveta;15;0;15;
31/01/2023;07:01:24;1675159259.148;2807;Agent/605;Ivanilda;MANUAL;7;Logar Operador;16;0;16;
31/01/2023;07:01:34;1675159275.151;2410;Agent/612;Livia;MANUAL;4;Abertura de Gaveta;9;0;9;
31/01/2023;07:01:59;1675159279.152;3808;Agent/601;Camila;MANUAL;7;Logar Operador;29;0;29;
31/01/2023;07:01:36;1675159280.153;3516;Agent/608;Thalita;MANUAL;4;Abertura de Gaveta;7;0;7;
31/01/2023;07:01:58;1675159281.154;3420;Agent/609;Andreia Goncalves;MANUAL;18;Atendimento Multiplo;28;0;28;
31/01/2023;07:02:17;1675159281.155;1908;Agent/604;Emanuelle;MANUAL;7;Logar Operador;39;0;39;
31/01/2023;07:01:57;1675159283.157;4201;Agent/605;Ivanilda;MANUAL;7;Logar Operador;17;0;17;
31/01/2023;07:02:12;1675159303.163;2415;Agent/612;Livia;MANUAL;4;Abertura de Gaveta;19;0;19;
31/01/2023;07:02:25;1675159324.165;2801;Agent/608;Thalita;MANUAL;7;Logar Operador;12;0;12;
31/01/2023;07:02:31;1675159331.167;3509;Agent/605;Ivanilda;MANUAL;4;Abertura de Gaveta;11;0;11;
31/01/2023;07:02:57;1675159350.169;4408;Agent/609;Andreia Goncalves;MANUAL;7;Logar Operador;18;0;18;
31/01/2023;07:03:26;1675159373.171;1019;Agent/601;Camila;MANUAL;7;Logar Operador;23;0;23;
31/01/2023;07:03:15;1675159374.172;2607;Agent/612;Livia;MANUAL;7;Logar Operador;13;0;13;
31/01/2023;07:03:21;1675159378.173;4211;Agent/604;Emanuelle;MANUAL;7;Logar Operador;15;0;15;
31/01/2023;07:03:35;1675159397.177;2613;Agent/608;Thalita;MANUAL;7;Logar Operador;10;0;10;
31/01/2023;07:03:39;1675159397.178;4402;Agent/605;Ivanilda;MANUAL;7;Logar Operador;13;0;13;
31/01/2023;07:03:58;1675159403.180;4207;Agent/609;Andreia Goncalves;MANUAL;18;Atendimento Multiplo;25;0;25;
31/01/2023;07:04:04;1675159422.183;1103;Agent/612;Livia;MANUAL;7;Logar Operador;13;0;13;
31/01/2023;07:04:11;1675159432.185;2317;Agent/604;Emanuelle;MANUAL;4;Abertura de Gaveta;10;0;10;
31/01/2023;07:04:13;1675159432.186;4404;Agent/601;Camila;MANUAL;4;Abertura de Gaveta;10;0;10;
31/01/2023;07:04:23;1675159439.187;4217;Agent/608;Thalita;MANUAL;7;Logar Operador;15;0;15;
31/01/2023;07:06:03;1675159522.192;2006;Agent/605;Ivanilda;MANUAL;7;Logar Operador;31;0;31;
31/01/2023;07:06:08;1675159540.194;1111;Agent/609;Andreia Goncalves;MANUAL;7;Logar Operador;18;0;18;
31/01/2023;07:06:08;1675159548.196;2310;Agent/612;Livia;MANUAL;19;Ligacao sem informacao;10;0;10;
31/01/2023;07:06:18;1675159557.198;2604;Agent/604;Emanuelle;MANUAL;7;Logar Operador;12;0;12;
31/01/2023;07:06:43;1675159575.200;2310;Agent/601;Camila;MANUAL;7;Logar Operador;18;0;18;
31/01/2023;07:06:50;1675159588.202;4212;Agent/608;Thalita;MANUAL;7;Logar Operador;14;0;14;
31/01/2023;07:07:06;1675159604.204;1105;Agent/605;Ivanilda;MANUAL;7;Logar Operador;13;0;13;
31/01/2023;07:07:54;1675159641.206;3821;Agent/609;Andreia Goncalves;MANUAL;7;Logar Operador;22;0;22;
31/01/2023;07:07:50;1675159647.207;1417;Agent/612;Livia;MANUAL;7;Logar Operador;14;0;14;
31/01/2023;07:08:06;1675159665.210;4209;Agent/604;Emanuelle;MANUAL;7;Logar Operador;13;0;13;
31/01/2023;07:10:56;1675159833.212;1111;Agent/601;Camila;MANUAL;2;Cancela Item;13;0;13;
31/01/2023;07:11:05;1675159844.214;3819;Agent/608;Thalita;MANUAL;7;Logar Operador;11;0;11;
31/01/2023;07:12:06;1675159903.216;3509;Agent/605;Ivanilda;MANUAL;2;Cancela Item;14;0;14;
31/01/2023;07:14:04;1675160024.218;3808;Agent/612;Livia;MANUAL;15;Saída de operador;11;0;11;
31/01/2023;07:14:56;1675160067.220;4021;Agent/609;Andreia Goncalves;MANUAL;7;Logar Operador;20;0;20;
31/01/2023;07:15:19;1675160086.222;4410;Agent/604;Emanuelle;MANUAL;2;Cancela Item;24;0;24;
31/01/2023;07:15:09;1675160087.223;2317;Agent/601;Camila;MANUAL;4;Abertura de Gaveta;12;0;12;
31/01/2023;07:15:07;1675160090.224;2410;Agent/608;Thalita;MANUAL;2;Cancela Item;8;0;8;
31/01/2023;07:16:03;1675160138.228;4416;Agent/605;Ivanilda;MANUAL;4;Abertura de Gaveta;15;0;15;
31/01/2023;07:16:30;1675160164.230;3802;Agent/612;Livia;MANUAL;7;Logar Operador;17;0;17;
31/01/2023;07:17:10;1675160184.232;4414;Agent/609;Andreia Goncalves;MANUAL;7;Logar Operador;25;0;25;
31/01/2023;07:17:51;1675160253.235;4414;Agent/608;Thalita;MANUAL;4;Abertura de Gaveta;9;0;9;
31/01/2023;07:18:09;1675160257.236;4408;Agent/612;Livia;MANUAL;4;Abertura de Gaveta;10;0;10;
31/01/2023;07:18:40;1675160299.240;3410;Agent/609;Andreia Goncalves;MANUAL;4;Abertura de Gaveta;11;0;11;
31/01/2023;07:18:49;1675160320.242;0004;Agent/608;Thalita;MANUAL;2;Cancela Item;0;2;2;
31/01/2023;07:20:30;1675160371.244;1803;Agent/612;Livia;MANUAL;18;Atendimento Multiplo;49;0;49;
31/01/2023;07:21:06;1675160437.246;4002;Agent/609;Andreia Goncalves;MANUAL;2;Cancela Item;19;0;19;
31/01/2023;07:23:27;1675160587.248;2410;Agent/608;Thalita;MANUAL;2;Cancela Item;10;0;10;
31/01/2023;07:25:22;1675160682.250;4416;Agent/609;Andreia Goncalves;MANUAL;2;Cancela Item;30;0;30;
31/01/2023;07:25:51;1675160734.252;1404;Agent/608;Thalita;MANUAL;7;Logar Operador;9;0;9;
31/01/2023;07:26:11;1675160734.253;4121;Agent/609;Andreia Goncalves;MANUAL;7;Logar Operador;27;0;27;
31/01/2023;07:29:55;1675160972.256;2405;Agent/608;Thalita;MANUAL;2;Cancela Item;13;0;13;
31/01/2023;07:32:56;1675161118.258;4410;Agent/609;Andreia Goncalves;MANUAL;3;Cancela Cupom;35;0;35;
31/01/2023;07:33:55;1675161199.261;0414;Agent/608;Thalita;MANUAL;3;Cancela Cupom;27;0;27;
31/01/2023;07:36:33;1675161366.263;3515;Agent/601;Camila;MANUAL;4;Abertura de Gaveta;18;0;18;
31/01/2023;07:37:39;1675161406.265;2708;Agent/604;Emanuelle;MANUAL;3;Cancela Cupom;42;0;42;
31/01/2023;07:37:14;1675161407.266;3513;Agent/605;Ivanilda;MANUAL;7;Logar Operador;17;0;17;
31/01/2023;07:39:51;1675161528.269;2202;Agent/601;Camila;MANUAL;9;Desconto em Item;33;0;33;
31/01/2023;07:39:40;1675161556.274;3805;Agent/605;Ivanilda;MANUAL;2;Cancela Item;14;0;14;
31/01/2023;07:39:55;1675161573.276;0011;Agent/604;Emanuelle;MANUAL;2;Cancela Item;12;0;12;
31/01/2023;07:42:15;1675161615.278;2202;Agent/605;Ivanilda;MANUAL;18;Atendimento Multiplo;98;0;98;
31/01/2023;07:41:53;1675161688.281;4118;Agent/601;Camila;MANUAL;2;Cancela Item;15;0;15;
31/01/2023;07:42:29;1675161724.283;0403;Agent/604;Emanuelle;MANUAL;2;Cancela Item;16;0;16;
31/01/2023;07:44:40;1675161861.285;2613;Agent/612;Livia;MANUAL;4;Abertura de Gaveta;10;0;10;
31/01/2023;07:47:23;1675162021.287;2317;Agent/601;Camila;MANUAL;2;Cancela Item;13;0;13;
31/01/2023;07:47:36;1675162040.289;0214;Agent/608;Thalita;MANUAL;4;Abertura de Gaveta;7;0;7;
31/01/2023;07:48:16;1675162067.291;0209;Agent/605;Ivanilda;MANUAL;7;Logar Operador;20;0;20;
31/01/2023;07:48:59;1675162107.293;4111;Agent/609;Andreia Goncalves;MANUAL;7;Logar Operador;23;0;23;
31/01/2023;07:49:40;1675162144.295;0422;Agent/604;Emanuelle;MANUAL;2;Cancela Item;27;0;27;
31/01/2023;07:49:42;1675162159.297;0216;Agent/612;Livia;MANUAL;7;Logar Operador;13;0;13;
31/01/2023;07:50:32;1675162182.299;2902;Agent/601;Camila;MANUAL;7;Logar Operador;40;0;40;
31/01/2023;07:50:07;1675162189.301;4402;Agent/608;Thalita;MANUAL;2;Cancela Item;9;0;9;
31/01/2023;07:50:46;1675162221.303;2006;Agent/605;Ivanilda;MANUAL;12;Reimpressao de comprovante;16;0;16;
31/01/2023;07:56:12;1675162547.305;0004;Agent/609;Andreia Goncalves;MANUAL;2;Cancela Item;15;0;15;
31/01/2023;07:57:02;1675162600.307;0209;Agent/604;Emanuelle;MANUAL;2;Cancela Item;13;0;13;
31/01/2023;07:58:49;1675162708.309;0207;Agent/612;Livia;MANUAL;2;Cancela Item;13;0;13;
31/01/2023;07:58:46;1675162710.310;0004;Agent/608;Thalita;MANUAL;2;Cancela Item;7;0;7;
31/01/2023;07:59:06;1675162713.311;1806;Agent/601;Camila;MANUAL;7;Logar Operador;23;0;23;
31/01/2023;07:58:58;1675162718.314;2016;Agent/605;Ivanilda;MANUAL;2;Cancela Item;11;0;11;
31/01/2023;07:59:34;1675162750.317;0412;Agent/609;Andreia Goncalves;MANUAL;2;Cancela Item;14;0;14;
31/01/2023;08:00:21;1675162796.319;2410;Agent/604;Emanuelle;MANUAL;2;Cancela Item;15;0;15;
31/01/2023;08:01:18;1675162856.321;0422;Agent/608;Thalita;MANUAL;4;Abertura de Gaveta;14;0;14;
31/01/2023;08:01:32;1675162872.324;0011;Agent/612;Livia;MANUAL;2;Cancela Item;11;0;11;
31/01/2023;08:01:40;1675162876.325;2208;Agent/615;Andreza;MANUAL;2;Cancela Item;15;0;15;
31/01/2023;08:02:39;1675162930.328;4012;Agent/605;Ivanilda;MANUAL;2;Cancela Item;18;0;18;
31/01/2023;08:04:20;1675163035.330;0014;Agent/601;Camila;MANUAL;2;Cancela Item;15;0;15;
31/01/2023;08:05:00;1675163082.332;2613;Agent/608;Thalita;MANUAL;2;Cancela Item;9;0;9;
31/01/2023;08:05:15;1675163089.334;1004;Agent/612;Livia;MANUAL;7;Logar Operador;16;0;16;
31/01/2023;08:05:43;1675163112.336;4207;Agent/615;Andreza;MANUAL;2;Cancela Item;21;0;21;
31/01/2023;08:06:18;1675163143.338;2702;Agent/605;Ivanilda;MANUAL;7;Logar Operador;25;0;25;
31/01/2023;08:06:37;1675163170.340;4207;Agent/601;Camila;MANUAL;2;Cancela Item;18;0;18;
31/01/2023;08:07:21;1675163215.342;2010;Agent/604;Emanuelle;MANUAL;2;Cancela Item;17;0;17;
31/01/2023;08:08:12;1675163237.344;2710;Agent/608;Thalita;MANUAL;7;Logar Operador;46;0;46;
31/01/2023;08:07:42;1675163239.345;0017;Agent/612;Livia;MANUAL;2;Cancela Item;14;0;14;
31/01/2023;08:08:11;1675163265.348;0216;Agent/615;Andreza;MANUAL;2;Cancela Item;16;0;16;
31/01/2023;08:08:44;1675163283.350;1417;Agent/609;Andreia Goncalves;MANUAL;2;Cancela Item;32;0;32;
31/01/2023;08:09:00;1675163316.352;2710;Agent/605;Ivanilda;MANUAL;4;Abertura de Gaveta;14;0;14;
31/01/2023;08:09:43;1675163350.354;2016;Agent/601;Camila;MANUAL;2;Cancela Item;24;0;24;
31/01/2023;08:10:41;1675163400.358;1801;Agent/613;Jussara;MANUAL;2;Cancela Item;33;0;33;
31/01/2023;08:11:34;1675163469.360;1110;Agent/604;Emanuelle;MANUAL;7;Logar Operador;15;0;15;
31/01/2023;08:12:16;1675163513.362;3802;Agent/612;Livia;MANUAL;2;Cancela Item;14;0;14;
31/01/2023;08:13:48;1675163603.364;2010;Agent/615;Andreza;MANUAL;2;Cancela Item;15;0;15;
31/01/2023;08:14:13;1675163638.366;4021;Agent/608;Thalita;MANUAL;4;Abertura de Gaveta;6;0;6;
31/01/2023;08:15:23;1675163661.368;9802;Agent/609;Andreia Goncalves;MANUAL;18;Atendimento Multiplo;39;0;39;
31/01/2023;08:15:06;1675163688.371;2010;Agent/605;Ivanilda;MANUAL;4;Abertura de Gaveta;8;0;8;
31/01/2023;08:15:44;1675163716.373;4221;Agent/601;Camila;MANUAL;7;Logar Operador;19;0;19;
31/01/2023;08:15:59;1675163724.375;2303;Agent/613;Jussara;MANUAL;7;Logar Operador;26;0;26;
31/01/2023;08:17:16;1675163755.377;2604;Agent/604;Emanuelle;MANUAL;18;Atendimento Multiplo;72;0;72;
31/01/2023;08:17:53;1675163854.379;2708;Agent/612;Livia;MANUAL;2;Cancela Item;11;0;11;
31/01/2023;08:18:18;1675163879.381;1803;Agent/615;Andreza;MANUAL;2;Cancela Item;10;0;10;
31/01/2023;08:18:48;1675163912.383;4404;Agent/608;Thalita;MANUAL;2;Cancela Item;7;0;7;
31/01/2023;08:19:08;1675163923.385;4121;Agent/605;Ivanilda;MANUAL;2;Cancela Item;15;0;15;
31/01/2023;08:21:53;1675163998.387;2604;Agent/609;Andreia Goncalves;MANUAL;18;Atendimento Multiplo;106;0;106;
31/01/2023;08:20:28;1675164005.389;2801;Agent/601;Camila;MANUAL;2;Cancela Item;14;0;14;
31/01/2023;08:20:38;1675164012.391;1417;Agent/613;Jussara;MANUAL;2;Cancela Item;17;0;17;
31/01/2023;08:21:02;1675164029.393;2805;Agent/604;Emanuelle;MANUAL;4;Abertura de Gaveta;24;0;24;
31/01/2023;08:22:14;1675164112.395;4404;Agent/612;Livia;MANUAL;2;Cancela Item;12;0;12;
31/01/2023;08:22:51;1675164141.397;1913;Agent/615;Andreza;MANUAL;2;Cancela Item;19;0;19;
31/01/2023;08:22:55;1675164152.399;0414;Agent/605;Ivanilda;MANUAL;2;Cancela Item;14;0;14;
31/01/2023;08:23:56;1675164218.402;3709;Agent/608;Thalita;MANUAL;4;Abertura de Gaveta;9;0;9;
31/01/2023;08:24:46;1675164244.404;1002;Agent/601;Camila;MANUAL;9;Desconto em Item;32;0;32;
31/01/2023;08:25:03;1675164272.406;2008;Agent/613;Jussara;MANUAL;7;Logar Operador;22;0;22;
31/01/2023;08:25:31;1675164305.408;3707;Agent/604;Emanuelle;MANUAL;12;Reimpressao de comprovante;16;0;16;
31/01/2023;08:25:30;1675164308.409;0216;Agent/609;Andreia Goncalves;MANUAL;2;Cancela Item;11;0;11;
31/01/2023;08:25:52;1675164329.412;2405;Agent/612;Livia;MANUAL;2;Cancela Item;13;0;13;
31/01/2023;08:25:53;1675164332.413;3506;Agent/615;Andreza;MANUAL;2;Cancela Item;11;0;11;
31/01/2023;08:25:59;1675164341.416;2414;Agent/605;Ivanilda;MANUAL;4;Abertura de Gaveta;8;0;8;
31/01/2023;08:27:23;1675164419.418;0216;Agent/608;Thalita;MANUAL;2;Cancela Item;15;0;15;
31/01/2023;08:27:49;1675164449.420;2117;Agent/601;Camila;MANUAL;4;Abertura de Gaveta;10;0;10;
31/01/2023;08:28:53;1675164499.422;2704;Agent/613;Jussara;MANUAL;7;Logar Operador;25;0;25;
31/01/2023;08:31:02;1675164635.424;3410;Agent/609;Andreia Goncalves;MANUAL;2;Cancela Item;15;0;15;
31/01/2023;08:33:40;1675164786.428;1802;Agent/604;Emanuelle;MANUAL;4;Abertura de Gaveta;25;0;25;
31/01/2023;08:34:50;1675164873.436;0207;Agent/612;Livia;MANUAL;2;Cancela Item;8;0;8;
31/01/2023;08:35:09;1675164885.438;0211;Agent/615;Andreza;MANUAL;2;Cancela Item;15;0;15;
31/01/2023;08:35:43;1675164924.440;0214;Agent/605;Ivanilda;MANUAL;4;Abertura de Gaveta;9;0;9;
31/01/2023;08:36:11;1675164947.442;4212;Agent/608;Thalita;MANUAL;2;Cancela Item;15;0;15;
31/01/2023;08:36:51;1675164987.444;4408;Agent/601;Camila;MANUAL;2;Cancela Item;15;0;15;
31/01/2023;08:38:26;1675165078.446;3512;Agent/613;Jussara;MANUAL;2;Cancela Item;20;0;20;
31/01/2023;08:39:09;1675165113.448;0214;Agent/609;Andreia Goncalves;MANUAL;10;Sangria;26;0;26;
31/01/2023;08:39:12;1675165128.450;0011;Agent/604;Emanuelle;MANUAL;2;Cancela Item;14;0;14;
31/01/2023;08:39:58;1675165152.452;1823;Agent/612;Livia;MANUAL;19;Ligacao sem informacao;36;0;36;
31/01/2023;08:41:14;1675165181.454;2117;Agent/615;Andreza;MANUAL;10;Sangria;82;0;82;
31/01/2023;08:40:11;1675165183.455;2702;Agent/605;Ivanilda;MANUAL;2;Cancela Item;18;0;18;
31/01/2023;08:41:22;1675165262.458;9802;Agent/608;Thalita;MANUAL;2;Cancela Item;11;0;11;
31/01/2023;08:42:11;1675165301.460;4416;Agent/601;Camila;MANUAL;2;Cancela Item;20;0;20;
31/01/2023;08:42:53;1675165350.462;0214;Agent/613;Jussara;MANUAL;2;Cancela Item;14;0;14;
31/01/2023;08:43:19;1675165363.464;0207;Agent/609;Andreia Goncalves;MANUAL;10;Sangria;26;0;26;
31/01/2023;08:44:32;1675165437.466;3512;Agent/604;Emanuelle;MANUAL;2;Cancela Item;26;0;26;
31/01/2023;08:44:48;1675165467.468;4404;Agent/612;Livia;MANUAL;2;Cancela Item;11;0;11;
31/01/2023;08:45:50;1675165515.470;3512;Agent/605;Ivanilda;MANUAL;2;Cancela Item;25;0;25;
31/01/2023;08:45:56;1675165523.472;2604;Agent/608;Thalita;MANUAL;10;Sangria;9;0;9;
31/01/2023;08:46:26;1675165546.477;0003;Agent/601;Camila;MANUAL;2;Cancela Item;17;0;17;
31/01/2023;08:47:13;1675165595.481;1410;Agent/613;Jussara;MANUAL;2;Cancela Item;14;0;14;
31/01/2023;08:47:33;1675165616.485;4201;Agent/609;Andreia Goncalves;MANUAL;2;Cancela Item;13;0;13;
31/01/2023;08:47:57;1675165652.491;3509;Agent/615;Andreza;MANUAL;2;Cancela Item;15;0;15;
31/01/2023;08:48:26;1675165662.493;1817;Agent/604;Emanuelle;MANUAL;2;Cancela Item;34;0;34;
31/01/2023;08:48:08;1675165663.494;2211;Agent/612;Livia;MANUAL;7;Logar Operador;15;0;15;
31/01/2023;08:49:27;1675165671.498;4111;Agent/605;Ivanilda;MANUAL;18;Atendimento Multiplo;86;0;86;
31/01/2023;08:48:51;1675165714.500;4105;Agent/608;Thalita;MANUAL;2;Cancela Item;9;0;9;
31/01/2023;08:50:18;1675165792.502;4002;Agent/601;Camila;MANUAL;13;Reforço de caixa;15;0;15;
31/01/2023;08:50:18;1675165795.503;4012;Agent/613;Jussara;MANUAL;2;Cancela Item;14;0;14;
31/01/2023;08:52:23;1675165917.506;2604;Agent/605;Ivanilda;MANUAL;2;Cancela Item;17;0;17;
31/01/2023;08:53:16;1675165934.508;0003;Agent/601;Camila;MANUAL;3;Cancela Cupom;52;0;52;
31/01/2023;08:53:06;1675165961.510;2115;Agent/605;Ivanilda;MANUAL;2;Cancela Item;16;0;16;
31/01/2023;08:53:53;1675165999.512;1404;Agent/605;Ivanilda;MANUAL;3;Cancela Cupom;25;0;25;
31/01/2023;08:54:00;1675166017.514;2414;Agent/601;Camila;MANUAL;2;Cancela Item;14;0;14;
31/01/2023;08:54:15;1675166027.516;2809;Agent/605;Ivanilda;MANUAL;2;Cancela Item;11;0;11;
31/01/2023;08:54:24;1675166041.517;2118;Agent/601;Camila;MANUAL;7;Logar Operador;14;0;14;
31/01/2023;08:54:37;1675166047.519;2016;Agent/605;Ivanilda;MANUAL;2;Cancela Item;13;0;13;
31/01/2023;08:54:44;1675166055.521;3703;Agent/601;Camila;MANUAL;4;Abertura de Gaveta;12;0;12;
31/01/2023;08:55:05;1675166075.524;0218;Agent/601;Camila;MANUAL;7;Logar Operador;14;0;14;
31/01/2023;08:55:31;1675166083.525;2307;Agent/605;Ivanilda;MANUAL;3;Cancela Cupom;40;0;40;
31/01/2023;08:55:30;1675166099.529;2809;Agent/601;Camila;MANUAL;2;Cancela Item;15;0;15;
31/01/2023;08:55:59;1675166111.530;3513;Agent/605;Ivanilda;MANUAL;2;Cancela Item;16;0;16;
31/01/2023;08:55:50;1675166132.532;4002;Agent/601;Camila;MANUAL;4;Abertura de Gaveta;10;0;10;
31/01/2023;08:56:28;1675166148.535;0208;Agent/601;Camila;MANUAL;19;Ligacao sem informacao;24;0;24;
31/01/2023;08:56:31;1675166172.537;3506;Agent/605;Ivanilda;MANUAL;2;Cancela Item;11;0;11;
31/01/2023;08:56:51;1675166173.538;3518;Agent/601;Camila;MANUAL;2;Cancela Item;18;0;18;
31/01/2023;08:57:20;1675166201.541;0209;Agent/605;Ivanilda;MANUAL;2;Cancela Item;30;0;30;
31/01/2023;08:57:37;1675166221.543;0216;Agent/601;Camila;MANUAL;10;Sangria;27;0;27;
31/01/2023;08:57:43;1675166226.544;2317;Agent/605;Ivanilda;MANUAL;2;Cancela Item;13;0;13;
31/01/2023;08:57:55;1675166232.546;0207;Agent/601;Camila;MANUAL;2;Cancela Item;11;0;11;
31/01/2023;08:58:10;1675166248.548;3805;Agent/605;Ivanilda;MANUAL;2;Cancela Item;12;0;12;
31/01/2023;08:58:47;1675166305.551;4404;Agent/601;Camila;MANUAL;2;Cancela Item;12;0;12;
31/01/2023;08:59:04;1675166323.553;2414;Agent/605;Ivanilda;MANUAL;2;Cancela Item;11;0;11;
31/01/2023;08:59:44;1675166364.555;1806;Agent/601;Camila;MANUAL;4;Abertura de Gaveta;12;0;12;
31/01/2023;09:00:29;1675166399.557;0208;Agent/605;Ivanilda;MANUAL;7;Logar Operador;20;0;20;
31/01/2023;09:00:41;1675166412.559;4008;Agent/601;Camila;MANUAL;7;Logar Operador;20;0;20;
31/01/2023;09:00:58;1675166422.561;4019;Agent/605;Ivanilda;MANUAL;7;Logar Operador;17;0;17;
31/01/2023;09:01:08;1675166428.562;1014;Agent/601;Camila;MANUAL;2;Cancela Item;17;0;17;
31/01/2023;09:01:48;1675166438.563;3420;Agent/605;Ivanilda;MANUAL;9;Desconto em Item;37;0;37;
31/01/2023;09:01:33;1675166446.565;3513;Agent/601;Camila;MANUAL;2;Cancela Item;15;0;15;
31/01/2023;09:02:01;1675166455.567;2311;Agent/601;Camila;MANUAL;7;Logar Operador;21;0;21;
31/01/2023;09:02:42;1675166461.568;2708;Agent/605;Ivanilda;MANUAL;10;Sangria;38;0;38;
31/01/2023;09:02:41;1675166481.571;2109;Agent/601;Camila;MANUAL;2;Cancela Item;31;0;31;
31/01/2023;09:03:05;1675166516.573;4112;Agent/601;Camila;MANUAL;7;Logar Operador;16;0;16;
31/01/2023;09:03:19;1675166552.576;4004;Agent/605;Ivanilda;MANUAL;7;Logar Operador;23;0;23;
31/01/2023;09:03:24;1675166559.577;0209;Agent/601;Camila;MANUAL;2;Cancela Item;13;0;13;
31/01/2023;09:04:09;1675166598.581;2310;Agent/605;Ivanilda;MANUAL;3;Cancela Cupom;34;0;34;
31/01/2023;09:03:59;1675166603.582;2005;Agent/601;Camila;MANUAL;7;Logar Operador;19;0;19;
31/01/2023;09:03:59;1675166615.584;4021;Agent/609;Andreia Goncalves;MANUAL;2;Cancela Item;15;0;15;
31/01/2023;09:04:26;1675166620.586;3811;Agent/609;Andreia Goncalves;MANUAL;2;Cancela Item;13;0;13;
31/01/2023;09:04:31;1675166627.588;1419;Agent/601;Camila;MANUAL;7;Logar Operador;19;0;19;
31/01/2023;09:04:33;1675166638.589;1415;Agent/608;Thalita;MANUAL;7;Logar Operador;13;0;13;
31/01/2023;09:04:53;1675166656.592;2602;Agent/605;Ivanilda;MANUAL;7;Logar Operador;25;0;25;
31/01/2023;09:04:57;1675166677.595;3515;Agent/615;Andreza;MANUAL;2;Cancela Item;11;0;11;
31/01/2023;09:05:01;1675166681.596;2708;Agent/612;Livia;MANUAL;2;Cancela Item;12;0;12;
31/01/2023;09:05:21;1675166698.599;4104;Agent/604;Emanuelle;MANUAL;7;Logar Operador;14;0;14;
31/01/2023;09:05:50;1675166704.600;0211;Agent/613;Jussara;MANUAL;10;Sangria;37;0;37;
31/01/2023;09:06:22;1675166751.603;1012;Agent/609;Andreia Goncalves;MANUAL;7;Logar Operador;22;0;22;
31/01/2023;09:06:29;1675166765.605;4207;Agent/608;Thalita;MANUAL;2;Cancela Item;16;0;16;
31/01/2023;09:08:04;1675166766.606;2307;Agent/615;Andreza;MANUAL;8;Recuperacao de comprovante;108;0;108;
31/01/2023;09:06:48;1675166770.607;1911;Agent/613;Jussara;MANUAL;4;Abertura de Gaveta;17;0;17;
31/01/2023;09:06:36;1675166774.610;2204;Agent/604;Emanuelle;MANUAL;7;Logar Operador;13;0;13;
31/01/2023;09:06:52;1675166782.613;2213;Agent/612;Livia;MANUAL;7;Logar Operador;21;0;21;
31/01/2023;09:06:58;1675166784.614;4201;Agent/609;Andreia Goncalves;MANUAL;2;Cancela Item;14;0;14;
31/01/2023;09:07:00;1675166805.618;3410;Agent/608;Thalita;MANUAL;4;Abertura de Gaveta;6;0;6;
31/01/2023;09:07:18;1675166816.620;4111;Agent/604;Emanuelle;MANUAL;2;Cancela Item;13;0;13;
31/01/2023;09:07:26;1675166816.621;3802;Agent/612;Livia;MANUAL;2;Cancela Item;20;0;20;
31/01/2023;09:07:37;1675166833.625;4404;Agent/609;Andreia Goncalves;MANUAL;2;Cancela Item;14;0;14;
31/01/2023;09:07:35;1675166836.626;2016;Agent/608;Thalita;MANUAL;4;Abertura de Gaveta;9;0;9;
31/01/2023;09:07:41;1675166837.627;4115;Agent/604;Emanuelle;MANUAL;7;Logar Operador;15;0;15;
31/01/2023;09:07:45;1675166842.629;0208;Agent/613;Jussara;MANUAL;2;Cancela Item;15;0;15;
31/01/2023;09:07:48;1675166849.633;4201;Agent/612;Livia;MANUAL;2;Cancela Item;10;0;10;
31/01/2023;09:08:00;1675166854.635;4416;Agent/608;Thalita;MANUAL;4;Abertura de Gaveta;8;0;8;
31/01/2023;09:10:13;1675166926.638;3401;Agent/601;Camila;MANUAL;9;Desconto em Item;79;0;79;
31/01/2023;09:09:45;1675166958.640;2116;Agent/605;Ivanilda;MANUAL;7;Logar Operador;18;0;18;
31/01/2023;09:10:28;1675166979.642;2302;Agent/609;Andreia Goncalves;MANUAL;8;Recuperacao de comprovante;39;0;39;
31/01/2023;09:10:10;1675166985.643;4211;Agent/604;Emanuelle;MANUAL;2;Cancela Item;17;0;17;
31/01/2023;09:11:49;1675167014.646;4201;Agent/613;Jussara;MANUAL;18;Atendimento Multiplo;86;0;86;
31/01/2023;09:10:43;1675167016.647;2707;Agent/612;Livia;MANUAL;7;Logar Operador;18;0;18;
31/01/2023;09:10:50;1675167019.648;2708;Agent/608;Thalita;MANUAL;3;Cancela Cupom;22;0;22;
31/01/2023;09:11:08;1675167032.652;0209;Agent/615;Andreza;MANUAL;10;Sangria;26;0;26;
31/01/2023;09:11:14;1675167050.655;4112;Agent/605;Ivanilda;MANUAL;2;Cancela Item;14;0;14;
31/01/2023;09:11:21;1675167059.657;4406;Agent/604;Emanuelle;MANUAL;7;Logar Operador;13;0;13;
31/01/2023;09:12:06;1675167085.659;3802;Agent/601;Camila;MANUAL;2;Cancela Item;31;0;31;
31/01/2023;09:12:45;1675167131.661;4118;Agent/609;Andreia Goncalves;MANUAL;2;Cancela Item;25;0;25;
31/01/2023;09:12:49;1675167138.663;4201;Agent/612;Livia;MANUAL;2;Cancela Item;21;0;21;
31/01/2023;09:13:52;1675167159.665;4410;Agent/608;Thalita;MANUAL;18;Atendimento Multiplo;64;0;64;
31/01/2023;09:13:00;1675167159.666;4212;Agent/615;Andreza;MANUAL;4;Abertura de Gaveta;11;0;11;
31/01/2023;09:13:37;1675167168.669;4002;Agent/605;Ivanilda;MANUAL;10;Sangria;39;0;39;
31/01/2023;09:13:28;1675167173.670;2111;Agent/604;Emanuelle;MANUAL;7;Logar Operador;23;0;23;
31/01/2023;09:13:28;1675167175.672;4112;Agent/613;Jussara;MANUAL;2;Cancela Item;24;0;24;
31/01/2023;09:13:33;1675167190.676;2019;Agent/601;Camila;MANUAL;2;Cancela Item;13;0;13;
31/01/2023;09:14:04;1675167213.678;2203;Agent/609;Andreia Goncalves;MANUAL;7;Logar Operador;22;0;22;
31/01/2023;09:13:59;1675167216.679;4408;Agent/612;Livia;MANUAL;2;Cancela Item;13;0;13;
31/01/2023;09:14:07;1675167221.681;4404;Agent/615;Andreza;MANUAL;2;Cancela Item;16;0;16;
31/01/2023;09:15:08;1675167277.684;2613;Agent/604;Emanuelle;MANUAL;9;Desconto em Item;22;0;22;
31/01/2023;09:15:13;1675167281.685;4413;Agent/613;Jussara;MANUAL;7;Logar Operador;23;0;23;
31/01/2023;09:15:26;1675167295.688;3515;Agent/601;Camila;MANUAL;2;Cancela Item;23;0;23;
31/01/2023;09:15:28;1675167308.690;3519;Agent/605;Ivanilda;MANUAL;2;Cancela Item;9;0;9;
31/01/2023;09:16:09;1675167346.692;2311;Agent/608;Thalita;MANUAL;2;Cancela Item;15;0;15;
31/01/2023;09:16:43;1675167369.695;1014;Agent/612;Livia;MANUAL;12;Reimpressao de comprovante;25;0;25;
31/01/2023;09:16:45;1675167382.697;3703;Agent/609;Andreia Goncalves;MANUAL;2;Cancela Item;14;0;14;
31/01/2023;09:16:56;1675167396.699;2109;Agent/615;Andreza;MANUAL;2;Cancela Item;9;0;9;
31/01/2023;09:18:11;1675167471.701;4105;Agent/604;Emanuelle;MANUAL;4;Abertura de Gaveta;10;0;10;
31/01/2023;09:18:50;1675167504.703;3515;Agent/613;Jussara;MANUAL;2;Cancela Item;16;0;16;
31/01/2023;09:19:01;1675167514.705;4022;Agent/601;Camila;MANUAL;7;Logar Operador;18;0;18;
31/01/2023;09:19:57;1675167576.707;3410;Agent/605;Ivanilda;MANUAL;2;Cancela Item;11;0;11;
31/01/2023;09:19:56;1675167576.708;4211;Agent/608;Thalita;MANUAL;2;Cancela Item;11;0;11;
31/01/2023;09:20:26;1675167603.711;3410;Agent/612;Livia;MANUAL;2;Cancela Item;13;0;13;
31/01/2023;09:21:11;1675167635.713;2006;Agent/609;Andreia Goncalves;MANUAL;4;Abertura de Gaveta;14;0;14;
31/01/2023;09:21:15;1675167650.715;1812;Agent/615;Andreza;MANUAL;7;Logar Operador;16;0;16;
31/01/2023;09:22:13;1675167696.718;0019;Agent/604;Emanuelle;MANUAL;10;Sangria;28;0;28;
31/01/2023;09:22:43;1675167727.720;3414;Agent/613;Jussara;MANUAL;7;Logar Operador;26;0;26;
31/01/2023;09:22:50;1675167743.722;1411;Agent/601;Camila;MANUAL;7;Logar Operador;17;0;17;
31/01/2023;09:23:07;1675167763.724;1410;Agent/608;Thalita;MANUAL;7;Logar Operador;15;0;15;
31/01/2023;09:25:18;1675167897.726;2803;Agent/605;Ivanilda;MANUAL;7;Logar Operador;11;0;11;
31/01/2023;09:25:37;1675167911.728;4211;Agent/612;Livia;MANUAL;2;Cancela Item;15;0;15;
31/01/2023;09:26:18;1675167928.730;2607;Agent/609;Andreia Goncalves;MANUAL;9;Desconto em Item;40;0;40;
31/01/2023;09:25:53;1675167931.731;1004;Agent/615;Andreza;MANUAL;2;Cancela Item;14;0;14;
31/01/2023;09:26:31;1675167942.734;1902;Agent/604;Emanuelle;MANUAL;9;Desconto em Item;37;0;37;
31/01/2023;09:26:25;1675167953.736;1012;Agent/613;Jussara;MANUAL;2;Cancela Item;22;0;22;
31/01/2023;09:27:01;1675167999.738;2109;Agent/601;Camila;MANUAL;4;Abertura de Gaveta;12;0;12;
31/01/2023;09:27:13;1675168016.740;3707;Agent/608;Thalita;MANUAL;4;Abertura de Gaveta;8;0;8;
31/01/2023;09:29:07;1675168085.742;3805;Agent/605;Ivanilda;MANUAL;2;Cancela Item;53;0;53;
31/01/2023;09:28:42;1675168098.744;2307;Agent/612;Livia;MANUAL;2;Cancela Item;15;0;15;
31/01/2023;09:29:27;1675168132.746;0209;Agent/615;Andreza;MANUAL;3;Cancela Cupom;24;0;24;
31/01/2023;09:31:08;1675168197.748;0218;Agent/609;Andreia Goncalves;MANUAL;2;Cancela Item;61;0;61;
31/01/2023;09:31:33;1675168214.750;3102;Agent/613;Jussara;MANUAL;19;Ligacao sem informacao;57;0;57;
31/01/2023;09:31:08;1675168234.753;3709;Agent/604;Emanuelle;MANUAL;9;Desconto em Item;25;0;25;
31/01/2023;09:31:09;1675168243.755;2213;Agent/601;Camila;MANUAL;2;Cancela Item;15;0;15;
31/01/2023;09:32:30;1675168334.757;4118;Agent/608;Thalita;MANUAL;4;Abertura de Gaveta;8;0;8;
31/01/2023;09:32:42;1675168334.758;3102;Agent/605;Ivanilda;MANUAL;7;Logar Operador;19;0;19;
31/01/2023;09:33:14;1675168361.761;2213;Agent/615;Andreza;MANUAL;9;Desconto em Item;22;0;22;
31/01/2023;09:33:09;1675168364.762;3420;Agent/604;Emanuelle;MANUAL;12;Reimpressao de comprovante;16;0;16;
31/01/2023;09:33:14;1675168372.766;2303;Agent/609;Andreia Goncalves;MANUAL;2;Cancela Item;13;0;13;
31/01/2023;09:33:28;1675168379.768;0208;Agent/613;Jussara;MANUAL;2;Cancela Item;20;0;20;
31/01/2023;09:33:39;1675168397.770;0422;Agent/601;Camila;MANUAL;4;Abertura de Gaveta;12;0;12;
31/01/2023;09:33:49;1675168410.772;0207;Agent/608;Thalita;MANUAL;15;Saída de operador;10;0;10;
31/01/2023;09:33:58;1675168413.773;4019;Agent/605;Ivanilda;MANUAL;2;Cancela Item;15;0;15;
31/01/2023;09:34:16;1675168434.776;0019;Agent/604;Emanuelle;MANUAL;2;Cancela Item;13;0;13;
31/01/2023;09:34:39;1675168461.778;1414;Agent/615;Andreza;MANUAL;4;Abertura de Gaveta;7;0;7;
31/01/2023;09:34:52;1675168472.780;4121;Agent/609;Andreia Goncalves;MANUAL;4;Abertura de Gaveta;11;0;11;
31/01/2023;09:35:21;1675168497.782;0412;Agent/613;Jussara;MANUAL;2;Cancela Item;15;0;15;
31/01/2023;09:35:45;1675168503.783;2303;Agent/601;Camila;MANUAL;3;Cancela Cupom;32;0;32;
31/01/2023;09:35:33;1675168515.786;1111;Agent/608;Thalita;MANUAL;2;Cancela Item;9;0;9;
31/01/2023;09:35:38;1675168518.787;4221;Agent/605;Ivanilda;MANUAL;2;Cancela Item;11;0;11;
31/01/2023;09:37:26;1675168538.790;2116;Agent/604;Emanuelle;MANUAL;18;Atendimento Multiplo;99;0;99;
31/01/2023;09:36:11;1675168542.791;3812;Agent/615;Andreza;MANUAL;7;Logar Operador;19;0;19;
31/01/2023;09:36:45;1675168573.795;0419;Agent/612;Livia;MANUAL;2;Cancela Item;22;0;22;
31/01/2023;09:37:55;1675168613.797;4207;Agent/609;Andreia Goncalves;MANUAL;8;Recuperacao de comprovante;52;0;52;
31/01/2023;09:38:08;1675168661.799;2109;Agent/613;Jussara;MANUAL;2;Cancela Item;18;0;18;
31/01/2023;09:38:09;1675168670.801;4410;Agent/608;Thalita;MANUAL;2;Cancela Item;9;0;9;
31/01/2023;09:39:02;1675168694.803;4118;Agent/605;Ivanilda;MANUAL;3;Cancela Cupom;39;0;39;
31/01/2023;09:38:39;1675168698.804;0403;Agent/601;Camila;MANUAL;19;Ligacao sem informacao;12;0;12;
31/01/2023;09:38:46;1675168707.807;4209;Agent/615;Andreza;MANUAL;2;Cancela Item;9;0;9;
31/01/2023;09:38:57;1675168710.808;3401;Agent/612;Livia;MANUAL;12;Reimpressao de comprovante;17;0;17;
31/01/2023;09:39:49;1675168767.811;3804;Agent/604;Emanuelle;MANUAL;7;Logar Operador;13;0;13;
31/01/2023;09:40:05;1675168783.813;4212;Agent/609;Andreia Goncalves;MANUAL;4;Abertura de Gaveta;13;0;13;
31/01/2023;09:40:13;1675168788.814;4215;Agent/613;Jussara;MANUAL;2;Cancela Item;17;0;17;
31/01/2023;09:40:24;1675168803.817;4201;Agent/608;Thalita;MANUAL;2;Cancela Item;12;0;12;
31/01/2023;09:40:48;1675168821.819;4118;Agent/601;Camila;MANUAL;2;Cancela Item;16;0;16;
31/01/2023;09:40:46;1675168823.820;3809;Agent/615;Andreza;MANUAL;7;Logar Operador;12;0;12;
31/01/2023;09:41:53;1675168874.823;1103;Agent/612;Livia;MANUAL;10;Sangria;30;0;30;
31/01/2023;09:44:29;1675168887.825;3821;Agent/605;Ivanilda;MANUAL;18;Atendimento Multiplo;172;0;172;
31/01/2023;09:43:32;1675168948.828;1911;Agent/604;Emanuelle;MANUAL;3;Cancela Cupom;54;0;54;
31/01/2023;09:42:59;1675168949.829;3709;Agent/609;Andreia Goncalves;MANUAL;19;Ligacao sem informacao;21;0;21;
31/01/2023;09:42:59;1675168955.832;2008;Agent/613;Jussara;MANUAL;2;Cancela Item;15;0;15;
31/01/2023;09:42:54;1675168958.833;3401;Agent/608;Thalita;MANUAL;4;Abertura de Gaveta;8;0;8;
31/01/2023;09:43:17;1675168975.836;2016;Agent/615;Andreza;MANUAL;2;Cancela Item;11;0;11;
31/01/2023;09:43:24;1675168980.837;4404;Agent/601;Camila;MANUAL;2;Cancela Item;15;0;15;
31/01/2023;09:44:39;1675169028.840;4121;Agent/612;Livia;MANUAL;10;Sangria;42;0;42;
31/01/2023;09:44:20;1675169032.841;2215;Agent/608;Thalita;MANUAL;2;Cancela Item;20;0;20;
31/01/2023;09:44:51;1675169053.844;0403;Agent/613;Jussara;MANUAL;10;Sangria;29;0;29;
31/01/2023;09:44:54;1675169063.846;0018;Agent/609;Andreia Goncalves;MANUAL;7;Logar Operador;23;0;23;
31/01/2023;09:46:06;1675169144.848;4416;Agent/615;Andreza;MANUAL;2;Cancela Item;12;0;12;
31/01/2023;09:46:39;1675169158.850;2317;Agent/608;Thalita;MANUAL;10;Sangria;19;0;19;
31/01/2023;09:46:25;1675169165.852;4410;Agent/601;Camila;MANUAL;4;Abertura de Gaveta;10;0;10;
31/01/2023;09:46:48;1675169167.853;1105;Agent/604;Emanuelle;MANUAL;10;Sangria;31;0;31;
31/01/2023;09:46:31;1675169173.855;2307;Agent/605;Ivanilda;MANUAL;4;Abertura de Gaveta;8;0;8;
31/01/2023;09:46:44;1675169182.859;2303;Agent/612;Livia;MANUAL;2;Cancela Item;13;0;13;
31/01/2023;09:46:56;1675169194.861;3516;Agent/613;Jussara;MANUAL;2;Cancela Item;14;0;14;
31/01/2023;09:47:05;1675169199.862;3804;Agent/609;Andreia Goncalves;MANUAL;2;Cancela Item;17;0;17;
31/01/2023;09:47:06;1675169199.863;1410;Agent/615;Andreza;MANUAL;2;Cancela Item;17;0;17;
31/01/2023;09:47:24;1675169220.867;0408;Agent/601;Camila;MANUAL;2;Cancela Item;14;0;14;
31/01/2023;09:48:07;1675169256.869;2117;Agent/605;Ivanilda;MANUAL;15;Saída de operador;9;0;9;
31/01/2023;09:48:18;1675169281.872;4404;Agent/608;Thalita;MANUAL;15;Saída de operador;9;0;9;
31/01/2023;09:48:45;1675169302.874;0011;Agent/612;Livia;MANUAL;2;Cancela Item;14;0;14;
31/01/2023;09:48:52;1675169311.876;2117;Agent/604;Emanuelle;MANUAL;15;Saída de operador;13;0;13;
31/01/2023;09:49:21;1675169326.878;2307;Agent/613;Jussara;MANUAL;10;Sangria;26;0;26;
31/01/2023;09:49:27;1675169347.880;2117;Agent/609;Andreia Goncalves;MANUAL;15;Saída de operador;11;0;11;
31/01/2023;09:49:33;1675169347.881;2401;Agent/615;Andreza;MANUAL;2;Cancela Item;17;0;17;
31/01/2023;09:49:41;1675169349.882;4105;Agent/605;Ivanilda;MANUAL;10;Sangria;23;0;23;
31/01/2023;09:49:46;1675169353.884;0207;Agent/608;Thalita;MANUAL;9;Desconto em Item;23;0;23;
31/01/2023;09:50:12;1675169391.890;1809;Agent/612;Livia;MANUAL;4;Abertura de Gaveta;12;0;12;
31/01/2023;09:50:36;1675169415.892;3513;Agent/604;Emanuelle;MANUAL;4;Abertura de Gaveta;11;0;11;
31/01/2023;09:50:47;1675169421.893;4404;Agent/613;Jussara;MANUAL;4;Abertura de Gaveta;18;0;18;
31/01/2023;09:51:29;1675169464.896;3809;Agent/609;Andreia Goncalves;MANUAL;2;Cancela Item;15;0;15;
31/01/2023;09:51:31;1675169468.897;3420;Agent/615;Andreza;MANUAL;2;Cancela Item;13;0;13;
31/01/2023;09:51:35;1675169474.899;2118;Agent/605;Ivanilda;MANUAL;4;Abertura de Gaveta;12;0;12;
31/01/2023;09:51:39;1675169481.902;2208;Agent/608;Thalita;MANUAL;2;Cancela Item;9;0;9;
31/01/2023;09:52:43;1675169507.904;0218;Agent/612;Livia;MANUAL;2;Cancela Item;45;0;45;
31/01/2023;09:52:18;1675169515.906;2208;Agent/604;Emanuelle;MANUAL;2;Cancela Item;14;0;14;
31/01/2023;09:52:48;1675169527.908;4405;Agent/613;Jussara;MANUAL;7;Logar Operador;32;0;32;
31/01/2023;09:52:51;1675169538.910;3510;Agent/609;Andreia Goncalves;MANUAL;4;Abertura de Gaveta;11;0;11;
31/01/2023;09:53:19;1675169565.913;3819;Agent/615;Andreza;MANUAL;10;Sangria;23;0;23;
31/01/2023;09:53:24;1675169566.914;3811;Agent/605;Ivanilda;MANUAL;10;Sangria;28;0;28;
31/01/2023;09:53:17;1675169573.917;2006;Agent/608;Thalita;MANUAL;2;Cancela Item;15;0;15;
31/01/2023;09:53:22;1675169578.918;0218;Agent/604;Emanuelle;MANUAL;2;Cancela Item;14;0;14;
31/01/2023;09:54:15;1675169604.921;1004;Agent/612;Livia;MANUAL;2;Cancela Item;40;0;40;
31/01/2023;09:55:10;1675169689.923;3414;Agent/601;Camila;MANUAL;2;Cancela Item;13;0;13;
31/01/2023;09:55:23;1675169697.925;3805;Agent/613;Jussara;MANUAL;2;Cancela Item;17;0;17;
31/01/2023;09:55:30;1675169703.926;1801;Agent/609;Andreia Goncalves;MANUAL;2;Cancela Item;17;0;17;
31/01/2023;09:55:40;1675169715.929;3404;Agent/615;Andreza;MANUAL;7;Logar Operador;16;0;16;
31/01/2023;09:55:55;1675169729.931;3802;Agent/604;Emanuelle;MANUAL;2;Cancela Item;17;0;17;
31/01/2023;09:56:05;1675169733.932;4101;Agent/605;Ivanilda;MANUAL;7;Logar Operador;22;0;22;
31/01/2023;09:57:07;1675169785.935;4211;Agent/612;Livia;MANUAL;2;Cancela Item;32;0;32;
31/01/2023;09:57:00;1675169797.937;4118;Agent/601;Camila;MANUAL;2;Cancela Item;13;0;13;
31/01/2023;09:57:34;1675169809.939;1014;Agent/613;Jussara;MANUAL;3;Cancela Cupom;36;0;36;
31/01/2023;09:58:08;1675169838.941;2111;Agent/609;Andreia Goncalves;MANUAL;2;Cancela Item;41;0;41;
31/01/2023;09:57:46;1675169845.943;1806;Agent/615;Andreza;MANUAL;2;Cancela Item;11;0;11;
31/01/2023;09:57:50;1675169845.944;1804;Agent/604;Emanuelle;MANUAL;7;Logar Operador;16;0;16;
31/01/2023;09:57:50;1675169847.945;2203;Agent/605;Ivanilda;MANUAL;2;Cancela Item;14;0;14;
31/01/2023;09:57:52;1675169851.946;3809;Agent/601;Camila;MANUAL;2;Cancela Item;11;0;11;
31/01/2023;09:59:40;1675169858.951;3407;Agent/612;Livia;MANUAL;9;Desconto em Item;112;0;112;
31/01/2023;09:58:35;1675169886.953;3513;Agent/613;Jussara;MANUAL;19;Ligacao sem informacao;20;0;20;
31/01/2023;09:58:47;1675169904.955;2013;Agent/615;Andreza;MANUAL;7;Logar Operador;12;0;12;
31/01/2023;09:59:10;1675169909.956;4118;Agent/605;Ivanilda;MANUAL;2;Cancela Item;32;0;32;
31/01/2023;09:58:51;1675169909.957;0217;Agent/604;Emanuelle;MANUAL;7;Logar Operador;11;0;11;
31/01/2023;09:58:58;1675169912.959;2015;Agent/601;Camila;MANUAL;7;Logar Operador;17;0;17;
31/01/2023;09:59:26;1675169937.963;0212;Agent/609;Andreia Goncalves;MANUAL;7;Logar Operador;20;0;20;
31/01/2023;09:59:21;1675169938.964;0208;Agent/613;Jussara;MANUAL;4;Abertura de Gaveta;14;0;14;
31/01/2023;09:59:47;1675169952.967;2401;Agent/604;Emanuelle;MANUAL;2;Cancela Item;25;0;25;
31/01/2023;10:00:15;1675169988.969;2405;Agent/608;Thalita;MANUAL;2;Cancela Item;18;0;18;
31/01/2023;10:01:07;1675170042.971;4410;Agent/601;Camila;MANUAL;2;Cancela Item;15;0;15;
31/01/2023;10:01:19;1675170046.972;4002;Agent/605;Ivanilda;MANUAL;10;Sangria;24;0;24;
31/01/2023;10:01:42;1675170078.975;4410;Agent/613;Jussara;MANUAL;2;Cancela Item;15;0;15;
31/01/2023;10:02:16;1675170106.977;1419;Agent/609;Andreia Goncalves;MANUAL;2;Cancela Item;19;0;19;
31/01/2023;10:02:56;1675170131.979;2016;Agent/612;Livia;MANUAL;2;Cancela Item;34;0;34;
31/01/2023;10:02:56;1675170135.980;2410;Agent/604;Emanuelle;MANUAL;10;Sangria;32;0;32;
31/01/2023;10:02:50;1675170135.981;3516;Agent/608;Thalita;MANUAL;7;Logar Operador;25;0;25;
31/01/2023;10:03:09;1675170180.985;3714;Agent/601;Camila;MANUAL;-1;Não Qualificada;0;3;3;
